email,NAME,PHONE,city,SERVICE_TYPE,LANGUAGE
ljanuszewicz0@google.ru,Lezley Januszewicz,687-900-2821,Jerusalem,Air B&B,Arabic
mstickel1@disqus.com,Morna Stickel,128-311-4240,Haifa,Post Construction,Amharic
rboomes2@princeton.edu,Ramonda Boomes,248-571-4809,Haifa,offices,Amharic
cdoerling3@weebly.com,Charlene Doerling,236-342-9799,Haifa,Villas,Hebrew
emattevi4@state.tx.us,Elissa Mattevi,160-471-9831,Ashdod,Villas,Amharic
gscarbarrow5@theguardian.com,Gerry Scarbarrow,676-232-7108,Ashdod,Apartments,Russian
klethebridge6@mac.com,Kriste Lethebridge,233-573-8682,Haifa,Villas,English
nmusgrove7@t.co,Nadya Musgrove,720-140-5351,Beer Sheva,offices,Russian
cgrimble8@ucsd.edu,Carena Grimble,374-701-2981,Haifa,Apartments,Russian
ckabsch9@ask.com,Crin Kabsch,397-520-9804,Haifa,Post Construction,English
ffidelera@ustream.tv,Feliks Fideler,447-452-5991,Jerusalem,Post Construction,Hebrew
mmallonb@dell.com,Marcille Mallon,125-431-3096,Haifa,offices,Amharic
besbergerc@wp.com,Burl Esberger,918-370-7992,Tel Aviv,Post Construction,English
cjoustd@cyberchimps.com,Cosimo Joust,618-913-4562,Ashdod,offices,Hebrew
clippoe@ft.com,Cariotta Lippo,372-124-0993,Ashdod,Post Construction,Hebrew
gwarboysf@ucsd.edu,Germana Warboys,157-764-2791,Haifa,Air B&B,English
jsolleyg@purevolume.com,Joyann Solley,991-443-0746,Haifa,All,Arabic
jviseh@cpanel.net,Jeddy Vise,940-272-5321,Beer Sheva,Post Construction,Hebrew
wyitzovitzi@tmall.com,Worthy Yitzovitz,441-359-8686,Tel Aviv,Air B&B,Amharic
rshernockj@de.vu,Rozalin Shernock,920-110-6638,Jerusalem,Villas,Russian
lelvishk@gmpg.org,Louisa Elvish,881-420-5147,Beer Sheva,Post Construction,All
amostonl@howstuffworks.com,Ashien Moston,909-455-3792,Ashdod,Air B&B,All
vygoum@paypal.com,Vicky Ygou,100-237-3989,Tel Aviv,All,English
vtroppmannn@eepurl.com,Vale Troppmann,211-403-0553,Beer Sheva,offices,Arabic
kvirro@indiatimes.com,Kristen Virr,602-242-5678,Haifa,Post Construction,Arabic
chamelynp@squidoo.com,Clare Hamelyn,486-585-3458,Haifa,Villas,Amharic
yecklyq@squidoo.com,Yuma Eckly,300-602-4825,Jerusalem,All,Arabic
kprobetsr@purevolume.com,Kayley Probets,333-195-3186,Tel Aviv,Air B&B,Amharic
cnorthages@wp.com,Cordelie Northage,274-469-6758,Jerusalem,Apartments,Russian
tcoleridget@edublogs.org,Tresa Coleridge,850-877-2699,Tel Aviv,Villas,Amharic
imccowenu@meetup.com,Idelle McCowen,407-595-6082,Ashdod,buildings,Amharic
jkermathv@cloudflare.com,Jacky Kermath,880-243-9385,Haifa,Villas,Russian
froycroftw@ft.com,Filbert Roycroft,205-150-7679,Jerusalem,Apartments,English
mseymarkx@google.pl,Marsh Seymark,314-620-5886,Haifa,offices,Hebrew
vdey@seesaa.net,Vi De Ath,685-746-4761,Jerusalem,offices,Russian
aodohertyz@exblog.jp,Augustina O'Doherty,364-449-9142,Haifa,buildings,Russian
fmcilmorie10@nydailynews.com,Farley McIlmorie,425-165-1702,Jerusalem,All,English
cchinery11@foxnews.com,Colly Chinery,988-868-0949,Jerusalem,Villas,All
bslixby12@rediff.com,Beniamino Slixby,341-430-7248,Haifa,Post Construction,Hebrew
bbolstridge13@howstuffworks.com,Billie Bolstridge,607-505-0209,Ashdod,offices,Hebrew
jblaymires14@discovery.com,Jelene Blaymires,625-209-8588,Beer Sheva,Air B&B,English
dpedrollo15@accuweather.com,Dorene Pedrollo,963-783-0992,Haifa,offices,Hebrew
cgolden16@google.cn,Cassie Golden of Ireland,645-522-0870,Haifa,Apartments,Hebrew
dcoatham17@shop-pro.jp,Damon Coatham,577-521-8268,Tel Aviv,buildings,Arabic
jmerrilees18@issuu.com,Joelynn Merrilees,958-805-1243,Beer Sheva,All,English
acowherd19@miibeian.gov.cn,Ardene Cowherd,978-980-7412,Haifa,Post Construction,Arabic
klynthal1a@illinois.edu,Kristine Lynthal,321-935-2381,Ashdod,All,Amharic
ibiggam1b@umn.edu,Iago Biggam,529-784-3084,Ashdod,buildings,Amharic
cyorke1c@ed.gov,Carrissa Yorke,432-649-1258,Beer Sheva,Post Construction,Amharic
sberthod1d@geocities.com,Stormie Berthod,207-389-0339,Beer Sheva,Air B&B,Amharic
kgajewski1e@columbia.edu,Kristofer Gajewski,300-358-4623,Ashdod,Apartments,Russian
hwedderburn1f@businessweek.com,Hyacinthia Wedderburn,753-117-5355,Tel Aviv,offices,English
dhouse1g@google.com.br,Darb House,336-390-0742,Ashdod,offices,All
marias1h@bizjournals.com,Mara Arias,915-772-2273,Haifa,buildings,All
mantognazzi1i@acquirethisname.com,Montgomery Antognazzi,619-212-4500,Jerusalem,Post Construction,Russian
eofihillie1j@sun.com,Edithe O'Fihillie,215-415-5583,Tel Aviv,All,English
ceverett1k@census.gov,Celle Everett,295-776-7430,Beer Sheva,Villas,English
apropper1l@g.co,Augustine Propper,257-393-4976,Beer Sheva,Post Construction,Arabic
tjerratsch1m@phoca.cz,Thaine Jerratsch,510-167-9996,Tel Aviv,offices,Amharic
vvlies1n@artisteer.com,Verile Vlies,877-911-8909,Ashdod,Post Construction,Amharic
hsperring1o@wikipedia.org,Hatti Sperring,339-468-0455,Haifa,offices,Hebrew
adyett1p@cargocollective.com,Alford Dyett,297-179-2446,Haifa,Villas,Hebrew
mpattisson1q@accuweather.com,Mano Pattisson,615-621-7816,Beer Sheva,offices,Hebrew
ldullaghan1r@cbslocal.com,Lindsay Dullaghan,668-912-0787,Beer Sheva,Air B&B,Russian
thugli1s@indiegogo.com,Torrie Hugli,543-940-8279,Haifa,offices,Amharic
daberchirder1t@pinterest.com,Duncan Aberchirder,956-708-6044,Ashdod,All,English
lcorah1u@nymag.com,Latisha Corah,346-335-8275,Ashdod,Villas,Hebrew
abrymham1v@blog.com,Alastair Brymham,765-853-2159,Haifa,All,English
asturte1w@dmoz.org,Aldus Sturte,196-785-8640,Tel Aviv,Post Construction,English
hbeckers1x@sohu.com,Harri Beckers,103-353-3052,Jerusalem,Apartments,Hebrew
mbrightie1y@ox.ac.uk,Melloney Brightie,749-941-9698,Haifa,Apartments,Amharic
nwyness1z@cam.ac.uk,Niel Wyness,229-554-0230,Jerusalem,Apartments,All
mrisby20@hatena.ne.jp,Marybeth Risby,334-685-9202,Ashdod,Apartments,All
cabbison21@hp.com,Casper Abbison,257-322-5911,Ashdod,Villas,Russian
lsterland22@meetup.com,Lonny Sterland,622-368-7805,Jerusalem,offices,Arabic
vshowt23@mapy.cz,Viole Showt,292-101-7291,Tel Aviv,Post Construction,All
mrosone24@paginegialle.it,Merwin Rosone,857-627-5101,Jerusalem,buildings,Hebrew
jbenford25@intel.com,Jan Benford,242-386-4220,Ashdod,Villas,Amharic
bofielly26@wisc.edu,Brandy O'Fielly,584-933-5805,Beer Sheva,Villas,Russian
fcrawford27@creativecommons.org,Fernanda Crawford,681-939-2240,Jerusalem,offices,Amharic
mgainor28@apple.com,Muriel Gainor,371-970-6617,Beer Sheva,All,Hebrew
tstoeck29@ftc.gov,Torey Stoeck,986-711-1372,Jerusalem,offices,Russian
bdominetti2a@imageshack.us,Brendon Dominetti,416-372-4920,Ashdod,Air B&B,Hebrew
lbrum2b@jiathis.com,Lorant Brum,747-186-5607,Ashdod,buildings,English
aelnaugh2c@twitter.com,Alison Elnaugh,832-714-4727,Haifa,Apartments,Arabic
mgrowcock2d@miibeian.gov.cn,Melisse Growcock,262-928-8886,Beer Sheva,offices,English
mattoc2e@cnn.com,Masha Attoc,723-127-8096,Beer Sheva,Apartments,Amharic
sdoulton2f@vimeo.com,Sherlock Doulton,103-243-6611,Haifa,offices,English
esmallpeace2g@springer.com,Elvira Smallpeace,552-226-8733,Ashdod,buildings,Amharic
kbamforth2h@psu.edu,Keri Bamforth,801-240-7252,Haifa,Apartments,Russian
hbetton2i@state.tx.us,Hugo Betton,339-884-7804,Beer Sheva,Villas,Amharic
bdore2j@about.com,Belle Dore,757-308-8769,Tel Aviv,Apartments,Hebrew
vkennedy2k@sourceforge.net,Vladimir Kennedy,296-843-2964,Beer Sheva,All,All
kdowsing2l@ameblo.jp,Kermie Dowsing,592-515-0717,Jerusalem,Air B&B,Amharic
tbrudenell2m@delicious.com,Torre Brudenell,587-943-2057,Jerusalem,Post Construction,Arabic
tjirasek2n@people.com.cn,Tristan Jirasek,820-221-4798,Ashdod,buildings,All
ebrandenburg2o@wikia.com,Eadith Brandenburg,345-272-5262,Jerusalem,Apartments,Russian
bgreally2p@mlb.com,Bondon Greally,515-624-6623,Ashdod,buildings,English
tugoletti2q@mediafire.com,Tony Ugoletti,759-801-3003,Beer Sheva,All,English
ctrussler2r@salon.com,Cherilynn Trussler,697-537-6504,Beer Sheva,All,Russian
uleupoldt2s@mit.edu,Una Leupoldt,314-494-1575,Haifa,Apartments,English
dshatford2t@discuz.net,Dela Shatford,411-501-5741,Beer Sheva,offices,All
racosta2u@statcounter.com,Rollins Acosta,574-534-0397,Jerusalem,Post Construction,Arabic
ddavid2v@yale.edu,Dimitri David,341-592-3507,Jerusalem,All,Russian
rdawid2w@people.com.cn,Rowena Dawid,390-558-3761,Tel Aviv,buildings,Amharic
oricard2x@nationalgeographic.com,Orren Ricard,959-573-0111,Jerusalem,Apartments,Arabic
ndenmead2y@tinyurl.com,Nealson Denmead,844-748-1778,Beer Sheva,Post Construction,English
bknowller2z@ucoz.ru,Base Knowller,202-622-5733,Ashdod,buildings,English
ajobe30@ed.gov,Andriette Jobe,422-335-9679,Tel Aviv,Villas,All
epirolini31@dmoz.org,Egan Pirolini,317-638-4322,Ashdod,Apartments,Amharic
kgalbraeth32@wsj.com,Kendra Galbraeth,239-840-6122,Jerusalem,buildings,All
acolleck33@hud.gov,Alejoa Colleck,749-837-7523,Tel Aviv,offices,Arabic
cbarrim34@hostgator.com,Culley Barrim,955-975-5082,Jerusalem,Air B&B,All
fsandry35@zimbio.com,Flint Sandry,207-689-2596,Jerusalem,All,Amharic
kcolnet36@cbslocal.com,Karylin Colnet,717-512-1978,Beer Sheva,Apartments,Hebrew
nwattins37@blogs.com,Nestor Wattins,207-230-5648,Beer Sheva,All,Arabic
pitzkovwich38@shareasale.com,Petronia Itzkovwich,662-633-3706,Haifa,Post Construction,Russian
spexton39@youku.com,Starla Pexton,298-759-2360,Beer Sheva,All,Amharic
svian3a@eventbrite.com,Stanislaw Vian,711-261-2150,Ashdod,buildings,Hebrew
cbaike3b@msn.com,Chryste Baike,347-351-5879,Ashdod,offices,Hebrew
lhamlen3c@irs.gov,Lorrie Hamlen,364-345-2917,Tel Aviv,Post Construction,Hebrew
brodrigues3d@imdb.com,Brunhilda Rodrigues,255-519-5294,Haifa,offices,Amharic
mdaldry3e@reuters.com,Mischa Daldry,433-263-0953,Beer Sheva,Air B&B,Russian
rbelcham3f@cocolog-nifty.com,Rubin Belcham,396-408-8340,Tel Aviv,Post Construction,English
sguitton3g@discuz.net,Shirleen Guitton,981-755-4183,Tel Aviv,Post Construction,Hebrew
twardel3h@is.gd,Tristam Wardel,763-274-3149,Jerusalem,Air B&B,All
eplanks3i@wikipedia.org,Eldin Planks,796-115-0808,Haifa,Post Construction,Hebrew
smacgoun3j@seesaa.net,Shaun MacGoun,489-231-5534,Tel Aviv,All,Hebrew
lfalls3k@macromedia.com,Lorens Falls,907-242-4649,Haifa,Apartments,Russian
gshrubshall3l@pen.io,Glyn Shrubshall,999-903-9327,Haifa,All,All
hbeagen3m@hexun.com,Harlene Beagen,868-242-4194,Haifa,buildings,Hebrew
cdruitt3n@ibm.com,Claiborn Druitt,619-651-5271,Jerusalem,All,Amharic
ahemphall3o@si.edu,Annissa Hemphall,981-932-6791,Tel Aviv,All,Russian
ndressel3p@diigo.com,Ned Dressel,629-999-6761,Jerusalem,Villas,Amharic
gpoytres3q@w3.org,Gladi Poytres,385-410-0455,Tel Aviv,Post Construction,Hebrew
rgarvill3r@prweb.com,Ramsey Garvill,512-582-7959,Tel Aviv,All,Amharic
rsavoury3s@prlog.org,Ruperto Savoury,870-253-5600,Beer Sheva,offices,English
csearjeant3t@ezinearticles.com,Cynthy Searjeant,454-198-8970,Ashdod,Villas,English
qcardiff3u@senate.gov,Quincey Cardiff,452-454-5772,Jerusalem,Post Construction,All
ooreilly3v@bloglovin.com,Ollie O'Reilly,603-127-5512,Tel Aviv,Post Construction,Hebrew
ljoy3w@slate.com,Loreen Joy,200-508-2177,Ashdod,Villas,Russian
ttyrone3x@go.com,Trenna Tyrone,727-156-0173,Jerusalem,Villas,All
ypavlasek3y@lulu.com,Yehudi Pavlasek,433-545-0601,Haifa,Air B&B,Hebrew
jmelesk3z@gnu.org,Jorgan Melesk,861-674-2167,Jerusalem,Villas,Hebrew
tpimlott40@freewebs.com,Thadeus Pimlott,199-255-9322,Tel Aviv,buildings,English
apitblado41@themeforest.net,Alonso Pitblado,386-801-9655,Haifa,All,Hebrew
okeuning42@forbes.com,Olin Keuning,371-759-2004,Ashdod,offices,Arabic
ckatte43@aboutads.info,Cicily Katte,934-322-6383,Ashdod,Apartments,Arabic
esugar44@booking.com,Elie Sugar,628-521-5137,Beer Sheva,Air B&B,Hebrew
bmantrip45@barnesandnoble.com,Bunny Mantrip,779-675-3692,Beer Sheva,Air B&B,Russian
jiannitti46@java.com,Judon Iannitti,784-420-6160,Beer Sheva,All,Russian
ealeavy47@rediff.com,Earvin Aleavy,983-558-2584,Haifa,Post Construction,Arabic
tde48@unicef.org,Tanitansy De La Salle,194-612-1452,Jerusalem,Air B&B,English
cantoniutti49@live.com,Cordy Antoniutti,496-732-8581,Jerusalem,offices,All
kmarnane4a@themeforest.net,Katya Marnane,175-630-9069,Ashdod,All,All
tbowers4b@harvard.edu,Trueman Bowers,532-113-7254,Tel Aviv,Post Construction,Hebrew
acounsell4c@businessweek.com,Avrom Counsell,539-370-5970,Jerusalem,Air B&B,Amharic
ejermy4d@booking.com,Erina Jermy,975-649-0663,Beer Sheva,buildings,Hebrew
jmackaig4e@ibm.com,Johnathan MacKaig,871-958-5698,Beer Sheva,Post Construction,Amharic
lcarress4f@vistaprint.com,Luigi Carress,781-600-0144,Ashdod,offices,Arabic
mkerman4g@geocities.com,Mic Kerman,984-361-5327,Haifa,Villas,English
ereyne4h@springer.com,Earvin Reyne,355-589-9330,Tel Aviv,offices,Hebrew
frydeard4i@seesaa.net,Frankie Rydeard,606-664-2023,Beer Sheva,offices,Arabic
bgeorgievski4j@vistaprint.com,Borden Georgievski,370-819-2033,Beer Sheva,Villas,English
krekes4k@goodreads.com,Kalvin Rekes,398-576-2933,Beer Sheva,offices,Arabic
rwoof4l@google.ru,Ricky Woof,637-380-1952,Jerusalem,Apartments,All
qohenecan4m@gnu.org,Quinton O'Henecan,230-663-2983,Beer Sheva,Apartments,English
efidgin4n@discovery.com,Euell Fidgin,244-128-6774,Beer Sheva,Air B&B,Arabic
acamelli4o@jimdo.com,Archibald Camelli,150-157-4683,Beer Sheva,Villas,English
tboath4p@google.nl,Tabby Boath,475-146-7322,Beer Sheva,Air B&B,English
rklewi4q@cbc.ca,Rosana Klewi,784-567-8673,Beer Sheva,Apartments,Arabic
ssamudio4r@xing.com,Shirlee Samudio,424-730-6313,Beer Sheva,Air B&B,All
mbaumber4s@nasa.gov,Marya Baumber,484-910-6535,Beer Sheva,Post Construction,English
ggarrud4t@dedecms.com,Gwenni Garrud,641-609-0763,Beer Sheva,Apartments,Amharic
mdavidoff4u@nature.com,Maddy Davidoff,904-961-1778,Beer Sheva,buildings,All
bannwyl4v@nyu.edu,Brigit Annwyl,757-233-2403,Beer Sheva,Post Construction,Arabic
rgoskar4w@businessinsider.com,Red Goskar,934-808-0765,Beer Sheva,buildings,Russian
rausello4x@qq.com,Raf Ausello,325-115-3498,Beer Sheva,Air B&B,Amharic
cdumblton4y@icq.com,Claudette Dumblton,840-136-7308,Beer Sheva,Air B&B,Hebrew
idunsmuir4z@livejournal.com,Ibrahim Dunsmuir,403-862-0442,Beer Sheva,Villas,Arabic
bwhyman50@nydailynews.com,Bailie Whyman,163-295-2032,Tel Aviv,Air B&B,English
nfranssen51@squarespace.com,Nicholas Franssen,443-944-6399,Tel Aviv,buildings,Arabic
mcapenor52@cnn.com,Mikol Capenor,666-102-0058,Tel Aviv,offices,All
flippiett53@amazon.com,Flori Lippiett,763-838-6865,Tel Aviv,buildings,English
mstud54@google.ca,Marthena Stud,704-234-2998,Tel Aviv,buildings,Russian
wcrocroft55@telegraph.co.uk,Wainwright Crocroft,962-878-8345,Tel Aviv,Apartments,English
obarensen56@clickbank.net,Ora Barensen,535-261-8345,Tel Aviv,Apartments,Arabic
mpiers57@1und1.de,Meggie Piers,755-941-9203,Tel Aviv,Apartments,Hebrew
lnotman58@vinaora.com,Lyman Notman,239-721-8016,Tel Aviv,Post Construction,All
cdolling59@yandex.ru,Chan Dolling,687-764-8138,Tel Aviv,Villas,All
kbolstridge5a@live.com,Kimble Bolstridge,215-609-3055,Tel Aviv,Apartments,Amharic
rbrashier5b@prnewswire.com,Rene Brashier,638-749-6307,Tel Aviv,Post Construction,Amharic
mtayt5c@123-reg.co.uk,Minnie Tayt,703-348-4162,Tel Aviv,Post Construction,English
poverill5d@netvibes.com,Perry Overill,841-961-6257,Tel Aviv,Villas,Russian
sgrindrod5e@google.com,Sharlene Grindrod,138-813-0247,Tel Aviv,buildings,Amharic
dclotworthy5f@nydailynews.com,Danie Clotworthy,682-460-2292,Tel Aviv,Post Construction,Russian
oscudders5g@samsung.com,Ogden Scudders,709-808-9718,Tel Aviv,Post Construction,Amharic
ebottrell5h@shutterfly.com,Elle Bottrell,987-536-5961,Tel Aviv,All,Hebrew
shuccaby5i@1und1.de,Shanan Huccaby,552-100-7203,Tel Aviv,offices,All
kbonifacio5j@shareasale.com,Kennedy Bonifacio,819-734-3077,Tel Aviv,All,Hebrew
,,,,,
